{
  "family": "IPR001478",
  "n_sequences": 127,
  "k": 128,
  "clean_f1": 0.8888888888888888,
  "max_f1": 0.5263157894736842,
  "recovered_f1": 0.5263157894736842,
  "recovered_ratio": 0.5921052631578947,
  "nodes": {
    "0": [
      1793,
      772,
      649,
      907,
      2445,
      916,
      1180,
      2078,
      1080,
      2247,
      2887,
      1097,
      211,
      2919,
      873,
      361,
      2026,
      2164,
      2294
    ],
    "4": [
      545,
      2589,
      451,
      994,
      2756,
      2630,
      1031,
      1719,
      2251,
      2221,
      2861,
      1903,
      2640,
      1520,
      2354,
      2039,
      2173
    ],
    "5": [
      640,
      3074,
      1666,
      132,
      774,
      391,
      1542,
      11,
      2315,
      2573,
      2059,
      785,
      2834,
      787,
      2453,
      1814,
      2966,
      2198,
      2328,
      2069,
      2845,
      2466,
      932,
      2725,
      3108,
      2601,
      432,
      560,
      433,
      2489,
      955,
      317,
      2109,
      1856,
      448,
      2242,
      2627,
      833,
      1607,
      2504,
      73,
      1354,
      1612,
      2765,
      977,
      210,
      3028,
      2647,
      2520,
      2395,
      2269,
      1506,
      2402,
      2919,
      1128,
      745,
      2792,
      1515,
      1896,
      3055,
      2424,
      124
    ],
    "2": [
      3040,
      2177,
      737,
      419,
      2139,
      3082,
      1517,
      2800,
      724,
      2102,
      793,
      1115,
      1020,
      1723,
      2718,
      191
    ],
    "1": [
      1582,
      2414,
      1491,
      951,
      3163,
      2495
    ],
    "3": [
      32,
      1286,
      47,
      2321,
      2485,
      2138,
      2555,
      62
    ]
  }
}